{"generated":"2026-02-04","count":34,"items":[{"djCode":"03","djName":"AMAZONAS","file":"prov_by_dj/prov_03.geojson","features":7},{"djCode":"04","djName":"ANCASH","file":"prov_by_dj/prov_04.geojson","features":16},{"djCode":"05","djName":"APURIMAC","file":"prov_by_dj/prov_05.geojson","features":7},{"djCode":"06","djName":"AREQUIPA","file":"prov_by_dj/prov_06.geojson","features":8},{"djCode":"07","djName":"AYACUCHO","file":"prov_by_dj/prov_07.geojson","features":12},{"djCode":"08","djName":"CAJAMARCA","file":"prov_by_dj/prov_08.geojson","features":11},{"djCode":"09","djName":"CALLAO","file":"prov_by_dj/prov_09.geojson","features":1},{"djCode":"10","djName":"CAÑETE","file":"prov_by_dj/prov_10.geojson","features":2},{"djCode":"11","djName":"LIMA NORTE","file":"prov_by_dj/prov_11.geojson","features":6},{"djCode":"12","djName":"CUSCO","file":"prov_by_dj/prov_12.geojson","features":13},{"djCode":"13","djName":"HUANCAVELICA","file":"prov_by_dj/prov_13.geojson","features":4},{"djCode":"14","djName":"HUANUCO","file":"prov_by_dj/prov_14.geojson","features":9},{"djCode":"15","djName":"HUAURA","file":"prov_by_dj/prov_15.geojson","features":5},{"djCode":"16","djName":"ICA","file":"prov_by_dj/prov_16.geojson","features":6},{"djCode":"17","djName":"JUNIN","file":"prov_by_dj/prov_17.geojson","features":8},{"djCode":"18","djName":"LA LIBERTAD","file":"prov_by_dj/prov_18.geojson","features":11},{"djCode":"19","djName":"LAMBAYEQUE","file":"prov_by_dj/prov_19.geojson","features":6},{"djCode":"20","djName":"LIMA","file":"prov_by_dj/prov_20.geojson","features":12},{"djCode":"21","djName":"LORETO","file":"prov_by_dj/prov_21.geojson","features":6},{"djCode":"22","djName":"MADRE DE DIOS","file":"prov_by_dj/prov_22.geojson","features":3},{"djCode":"23","djName":"PIURA","file":"prov_by_dj/prov_23.geojson","features":5},{"djCode":"24","djName":"PUNO","file":"prov_by_dj/prov_24.geojson","features":13},{"djCode":"25","djName":"SAN MARTIN","file":"prov_by_dj/prov_25.geojson","features":11},{"djCode":"26","djName":"SANTA","file":"prov_by_dj/prov_26.geojson","features":5},{"djCode":"27","djName":"TACNA","file":"prov_by_dj/prov_27.geojson","features":4},{"djCode":"28","djName":"TUMBES","file":"prov_by_dj/prov_28.geojson","features":3},{"djCode":"29","djName":"UCAYALI","file":"prov_by_dj/prov_29.geojson","features":6},{"djCode":"30","djName":"MOQUEGUA","file":"prov_by_dj/prov_30.geojson","features":3},{"djCode":"31","djName":"PASCO","file":"prov_by_dj/prov_31.geojson","features":2},{"djCode":"32","djName":"LIMA ESTE","file":"prov_by_dj/prov_32.geojson","features":9},{"djCode":"33","djName":"LIMA SUR","file":"prov_by_dj/prov_33.geojson","features":5},{"djCode":"35","djName":"SULLANA","file":"prov_by_dj/prov_35.geojson","features":3},{"djCode":"36","djName":"PUENTE PIEDRA-VENTANILLA","file":"prov_by_dj/prov_36.geojson","features":5},{"djCode":"39","djName":"SELVA CENTRAL","file":"prov_by_dj/prov_39.geojson","features":3}]}